QID,NAME
101,DLMF:_1.5_Calculus_of_Two_or_More_Variables
102,DLMF:_1.6_Vectors_and_Vector-Valued_Functions
103,DLMF:_1.9_Calculus_of_a_Complex_Variable
104,DLMF:_1.9_Calculus_of_a_Complex_Variable
105,DLMF:_1.10_Functions_of_a_Complex_Variable
106,DLMF:_1.10_Functions_of_a_Complex_Variable
107,DLMF:_1.11_Zeros_of_Polynomials
108,DLMF:_1.12_Continued_Fractions
109,DLMF:_1.13_Differential_Equations
110,DLMF:_1.15_Summability_Methods
111,DLMF:_2.5_Mellin_Transform_Methods
112,DLMF:_2.5_Mellin_Transform_Methods
113,DLMF:_2.7_Differential_Equations
114,DLMF:_2.7_Differential_Equations
115,DLMF:_24.2_Definitions_and_Generating_Functions
116,DLMF:_24.4_Basic_Properties
117,DLMF:_24.13_Integrals
118,DLMF:_10.18_Modulus_and_Phase_Functions
119,DLMF:_10.18_Modulus_and_Phase_Functions
120,DLMF:_10.21_Zeros
121,DLMF:_10.21_Zeros
122,DLMF:_10.21_Zeros
123,DLMF:_10.21_Zeros
124,DLMF:_10.22_Integrals
125,DLMF:_10.23_Sums
126,DLMF:_10.24_Functions_of_Imaginary_Order
127,DLMF:_10.40_Asymptotic_Expansions_for_Large_Argument
128,DLMF:_10.68_Modulus_and_Phase_Functions
129,DLMF:_13.9_Zeros
130,DLMF:_13.15_Recurrence_Relations_and_Derivatives
131,DLMF:_13.23_Integrals
132,DLMF:_33.16_Connection_Formulas
133,DLMF:_26.6_Other_Lattice_Path_Numbers
134,DLMF:_26.10_Integer_Partitions:_Other_Restrictions
135,DLMF:_26.14_Permutations:_Order_Notation
136,DLMF:_4.7_Derivatives_and_Differential_Equations
137,DLMF:_4.21_Identities
138,DLMF:_4.21_Identities
139,DLMF:_4.23_Inverse_Trigonometric_Functions
140,DLMF:_4.37_Inverse_Hyperbolic_Functions
141,DLMF:_4.38_Inverse_Hyperbolic_Functions:_Further_Properties
142,DLMF:_4.45_Methods_of_Computation
143,DLMF:_19.7_Connection_Formulas
144,DLMF:_19.18_Derivatives_and_Differential_Equations
145,DLMF:_19.20_Special_Cases
146,DLMF:_19.24_Inequalities
147,DLMF:_19.25_Relations_to_Other_Functions
148,DLMF:_19.29_Reduction_of_General_Elliptic_Integrals
149,DLMF:_7.5_Interrelations
150,DLMF:_5.4_Special_Values_and_Extrema
151,DLMF:_5.5_Functional_Relations
152,DLMF:_5.7_Series_Expansions
153,DLMF:_5.7_Series_Expansions
154,DLMF:_5.9_Integral_Representations
155,DLMF:_5.10_Continued_Fractions
156,DLMF:_5.12_Beta_Function
157,DLMF:_5.20_Physical_Applications
158,DLMF:_31.11_Expansions_in_Series_of_Hypergeometric_Functions
159,DLMF:_31.16_Mathematical_Applications
160,DLMF:_15.4_Special_Cases
161,DLMF:_15.4_Special_Cases
162,DLMF:_15.8_Transformations_of_Variable
163,DLMF:_36.2_Catastrophes_and_Canonical_Integrals
164,DLMF:_36.4_Bifurcation_Sets
165,DLMF:_8.12_Uniform_Asymptotic_Expansions_for_Large_Parameter
166,DLMF:_8.19_Generalized_Exponential_Integral
167,DLMF:_22.16_Related_Functions
168,DLMF:_22.19_Physical_Applications
169,DLMF:_22.20_Methods_of_Computation
170,DLMF:_29.10_Lamé_Functions_with_Imaginary_Periods
171,DLMF:_29.15_Fourier_Series_and_Chebyshev_Series
172,DLMF:_14.13_Trigonometric_Expansions
173,DLMF:_14.19_Toroidal_(or_Ring)_Functions
174,DLMF:_14.20_Conical_(or_Mehler)_Functions
175,DLMF:_28.8_Asymptotic_Expansions_for_Large_q
176,DLMF:_28.31_Equations_of_Whittaker–Hill_and_Ince
177,DLMF:_21.7_Riemann_Surfaces
178,DLMF:_27.2_Functions
179,DLMF:_27.4_Euler_Products_and_Dirichlet_Series
180,DLMF:_27.13_Functions
181,DLMF:_18.5_Explicit_Representations
182,DLMF:_18.14_Inequalities
183,DLMF:_18.17_Integrals
184,DLMF:_18.18_Sums
185,DLMF:_18.25_Wilson_Class:_Definitions
186,DLMF:_12.5_Integral_Representations
187,"DLMF:_12.14_The_Function_W⁡(a,x)"
188,DLMF:_32.2_Differential_Equations
189,DLMF:_32.2_Differential_Equations
190,DLMF:_32.4_Isomonodromy_Problems
191,DLMF:_32.7_Bäcklund_Transformations
192,DLMF:_17.7_Special_Cases_of_Higher_{}_sϕ_r_Functions
193,DLMF:_17.12_Bailey_Pairs
194,DLMF:_17.14_Constant_Term_Identities
195,DLMF:_20.6_Power_Series
196,DLMF:_20.7_Identities
197,DLMF:_20.7_Identities
198,DLMF:_34.3_Basic_Properties:_3⁢j_Symbol
199,DLMF:_34.5_Basic_Properties:_6⁢j_Symbol
200,DLMF:_25.13_Periodic_Zeta_Function
